<?xml version="1.0" encoding="UTF-8"?>
<project-private xmlns="http://www.netbeans.org/ns/project-private/1">
    <editor-bookmarks xmlns="http://www.netbeans.org/ns/editor-bookmarks/2" lastBookmarkId="0"/>
    <open-files xmlns="http://www.netbeans.org/ns/projectui-open-files/2">
        <group>
            <file>file:/C:/Users/syeds/Documents/NetBeansProjects/WebApplication2/web/adminwelcome.jsp</file>
            <file>file:/C:/Users/syeds/Documents/NetBeansProjects/WebApplication2/web/viewBooks.jsp</file>
            <file>file:/C:/Users/syeds/Documents/NetBeansProjects/WebApplication2/web/searchBook.jsp</file>
            <file>file:/C:/Users/syeds/Documents/NetBeansProjects/WebApplication2/src/java/com/librarymanagementsystem/AddStudentDetails.java</file>
            <file>file:/C:/Users/syeds/Documents/NetBeansProjects/WebApplication2/web/studentlogin.jsp</file>
            <file>file:/C:/Users/syeds/Documents/NetBeansProjects/WebApplication2/src/java/com/librarymanagementsystem/AdminLoginCheck.java</file>
        </group>
    </open-files>
</project-private>
